ID,Customer,"Sales Person","Costing Person","Enquiry Date","Current Status","Offer Price","Costing Status","costing accepted or rejected","Costing accepted date","Costing completion date"
13,"  J K CEMENT ","Puneet Sharma",Rakesh,2026-04-30,under_negotiation,3030600.00,done,Accepted,2026-05-02,2026-05-04
14,Microtek,"Bhupender Sharma",Rakesh,2026-04-30,won,43859000.00,done,Accepted,2026-05-04,2026-05-12
15,"Maisons-Super ","Anil Yadav","Anil Yadav",2026-05-02,lost,985000.00,revised_offer_submitted,Accepted,2026-05-06,2026-05-05
16,"SEFRICODE ","Anil Yadav","Anil Yadav",2026-04-24,lost,8599000.00,revised_offer_submitted,Accepted,2026-05-06,2026-05-05
17,"Babu Lal Kumawat ","Anil Yadav","Anil Yadav",2026-04-20,won,198000.00,revised_offer_submitted,Accepted,2026-05-06,2026-05-02
18,"Manipal University ","Anil Yadav","Anil Yadav",2026-03-21,won,6032420.00,revised_offer_submitted,Accepted,2026-05-06,2026-04-18
19,"  J K CEMENT ","Puneet Sharma",Rakesh,2026-05-06,lost,,pending,Accepted,2026-05-13,
20,"Abhilasha Enterprises","Amit Gautam",Akhilesh,2026-05-06,quoted,2342853.00,done,Accepted,2026-06-25,2026-06-25
22,"Lahoty Buildcon","Amit Gautam",Akhilesh,2026-05-03,won,9350000.00,revised_offer_submitted,Accepted,2026-05-07,2026-05-07
24,"AWASTHI ELECTRIC","Amit Gautam",Rakesh,2026-05-06,quoted,2452100.00,done,Accepted,2026-05-07,2026-05-13
26,"INA Solar, Narmadapuram, Cell plant","Bhupender Sharma",Rakesh,2026-05-05,won,44460060.00,revised_offer_submitted,Accepted,2026-05-07,2026-05-11
27,"L&T Construction","Bhupender Sharma",Rakesh,2026-05-07,quoted,10352300.00,done,Accepted,2026-05-13,2026-05-23
29,"Ultratech Cement, Sewagram Cement Works, Vayor, Kutch (Bhuj)","Bhupender Sharma",Deepesh,2026-05-06,quoted,1554398.00,first_offer_submitted,Accepted,2026-09-07,2026-04-25
30,"NOBEL ENGINEERS","Amit Gautam",Akhilesh,2026-05-07,pending,2722000.00,done,Accepted,2026-05-08,2026-05-14
32,"PURE CEMENT ","Puneet Sharma",Rakesh,2026-05-01,under_negotiation,72377822.00,done,Accepted,2026-05-07,2026-06-10
34,RBL,"Puneet Sharma","Aashu ",2026-05-06,under_negotiation,1447100.00,done,Accepted,2026-05-07,2026-05-09
36,"MCC Corporation","Amit Gautam",Akhilesh,2026-04-15,won,1475000.00,done,Accepted,2026-05-09,2026-05-01
37,"Satish Chand Rajesh Kumar Pvt, Ltd","Amit Gautam",Akhilesh,2026-05-01,won,540000.00,done,Accepted,2026-05-09,2026-05-05
39,"Renew Pro Energy","Amit Gautam","Amit Gautam",2026-05-01,won,1825000.00,done,Accepted,2026-05-09,
42,"Naresh Kumar Gupta & Co.","Amit Gautam","Deepak Janyani",2026-05-05,quoted,25673000.00,done,Accepted,2026-05-09,2026-05-09
43,"KS Engineering","Amit Gautam",Akhilesh,2026-05-09,won,6200000.00,done,Accepted,2026-05-13,2026-05-19
44,"AEKUM HUB","Anil Yadav","Anil Yadav",2026-05-12,won,543000.00,revised_offer_submitted,Accepted,2026-05-12,2026-05-12
45,"Global Aircon","Amit Gautam",Akhilesh,2026-05-05,won,814800.00,revised_offer_submitted,Accepted,2026-05-12,2026-05-09
46,"Sudha engi tech","Bhupender Sharma",Rakesh,2026-05-12,quoted,3592200.00,done,Accepted,2026-05-13,2026-05-13
47,"Ultratech cement, aditya cement, chittorgarh","Bhupender Sharma",Rakesh,2026-05-05,quoted,912800.00,revised_offer_submitted,Accepted,2026-05-13,0026-05-13
48,"Schneider electric ","Bhupender Sharma","Deepak Janyani",2026-05-08,quoted,6019567.00,done,Accepted,2026-05-14,2026-05-14
49,"La Reliant Aluminium Pvt Ltd","Bhupender Sharma","Deepak Janyani",2026-05-11,quoted,80152848.00,revised_offer_submitted,Accepted,2026-05-13,2026-07-08
50,"Poddar Pigment Ltd ","Puneet Sharma","Aayushi ",2026-05-12,won,295000.00,done,Accepted,2026-06-15,
51,"  J K CEMENT ","Puneet Sharma","Aayushi ",2026-05-11,pending,1560000.00,done,Accepted,2026-06-15,2026-05-11
52,"PURE CEMENT ","Puneet Sharma","Aayushi ",2026-05-06,technical_qualification_passed,76068123.00,revised_offer_submitted,Accepted,2026-06-15,2026-06-10
54,"PURE CEMENT ","Puneet Sharma","Aayushi ",2026-05-01,technical_qualification_passed,,pending,Accepted,2026-06-15,
55,"Reliance ","Anil Yadav","Anil Yadav",2026-05-11,lost,404100.00,revised_offer_submitted,Accepted,2026-05-13,2026-05-12
56,"Maisons-Super ","Anil Yadav","Anil Yadav",2026-05-12,lost,736004.00,done,Accepted,2026-05-13,2026-05-13
57,"MAP Engineers & Consultants Pvt. Ltd.","gopal singh","Deepak Janyani",2026-05-11,quoted,3597762.00,done,Accepted,2026-05-13,2026-05-13
59,Bosch,"mohan shyam","mohan shyam",2026-05-11,quoted,500000.00,first_offer_submitted,Accepted,2026-09-25,
61,"Global Aircon","Amit Gautam","Aashu ",2026-05-13,pending,3866300.00,done,Accepted,2026-05-13,2026-05-20
64,RHETRONIC,"Amit Gautam",Akhilesh,2026-05-13,pending,5788917.00,revision_in_progress,Accepted,2026-05-15,2026-05-16
65,"Teren Power","mohan shyam","mohan shyam",2026-05-11,quoted,24400.00,first_offer_submitted,Accepted,2026-09-25,
71,SAPL,"mohan shyam",Bharat,2026-05-14,quoted,4533400.00,done,Accepted,2026-05-15,2026-05-19
72,"Prasheetan Aircon","Amit Gautam",Akhilesh,2026-05-12,won,230000.00,revised_offer_submitted,Accepted,2026-05-15,2026-05-15
73,"Garg Residence, Jaipur","gopal singh","Deepak Janyani",2026-05-16,quoted,1254700.00,done,Accepted,2026-05-19,2026-05-21
74,"Maisons-Super ","Anil Yadav","Anil Yadav",2026-05-18,won,859320.00,done,Accepted,2026-05-20,2026-05-22
76,"HG Infra","mohan shyam","mohan shyam",2026-05-15,won,,pending,Accepted,2026-09-25,
77,Vivanta,"mohan shyam","mohan shyam",2026-05-13,quoted,11567000.00,revised_offer_submitted,Accepted,2026-09-25,
78,Ostwal,"mohan shyam","mohan shyam",2026-05-18,quoted,1109000.00,first_offer_submitted,Accepted,2026-09-25,
81,"Shree Cement Ltd | Gurugram","Puneet Sharma","Aashu ",2026-05-18,won,1111800.00,done,Accepted,2026-05-20,2026-05-23
83,"Ultratech cement, reddipalayam, TN","Bhupender Sharma","Aashu ",2026-05-19,quoted,708700.00,revised_offer_submitted,Accepted,2026-05-25,2026-05-26
84,"Modren Construction ","Anil Yadav","Anil Yadav",2026-05-19,quoted,5378400.00,done,Accepted,2026-05-20,2026-05-21
85,Gravita,"mohan shyam","mohan shyam",2026-05-21,quoted,4900000.00,revised_offer_submitted,Accepted,2026-09-25,
86,"Shree Hari Infra","mohan shyam","mohan shyam",2026-05-11,quoted,,pending,Accepted,2026-09-25,
87,"KSP Hydro Engineer Pvt. Ltd.","Deepak Janyani","Deepak Janyani",2026-05-19,quoted,850915.00,done,Accepted,2026-05-21,2026-05-30
88,"Ultratech cement, birla white","Bhupender Sharma",Bharat,2026-05-15,quoted,7020200.00,done,Accepted,2026-05-25,2026-05-26
89,"Manipal Academy of Higher Education ","Anil Yadav","Anil Yadav",2026-05-19,won,877413.00,negotiating_with_vendor,Accepted,2026-05-21,2026-05-21
90,"Tenco system ","Puneet Sharma",Rakesh,2026-05-20,lost,32379600.00,done,Accepted,2026-05-25,2026-05-28
93,"Tenco system ","Puneet Sharma",Rakesh,2026-05-23,pending,7519616.20,done,Accepted,2026-05-25,2026-05-28
94,"Dynamic cables limited","Bhupender Sharma","Deepak Janyani",2026-05-23,lost,8986203.00,revised_offer_submitted,Accepted,2026-05-25,2026-07-02
95,"Stylenest India Limited","Bhupender Sharma",Bharat,2026-05-24,quoted,519400.00,done,Accepted,2026-05-26,2026-06-27
97,"Aditya Techno","Amit Gautam",Akhilesh,2026-05-21,pending,9348900.00,done,Accepted,2026-05-27,2026-05-26
98,"MAP Engineers & Consultants Pvt. Ltd.","gopal singh","Pavan Kumar",2026-05-26,quoted,1033334.00,done,Accepted,2026-05-29,2026-05-30
100,"MACH ENTERPRISES",,"Deepak Janyani",2026-05-26,pending,3683200.00,done,Accepted,2026-05-27,2026-05-29
101,"landsmill Green Energy Ltd.","Bhupender Sharma",Rakesh,2026-05-26,quoted,30073600.00,done,Accepted,2026-05-27,2026-09-06
102,"Schneider electric ","Bhupender Sharma",Rakesh,2026-05-12,won,21550400.00,revised_offer_submitted,Accepted,2026-05-27,2026-06-03
103,"Genus Power Infrastructures Ltd","Bhupender Sharma",Rakesh,2026-05-25,quoted,3742100.00,done,Accepted,2026-05-27,2026-05-29
105,"SEFRICODE ","Anil Yadav","Anil Yadav",2026-05-27,won,1080000.00,revised_offer_submitted,Accepted,2026-06-05,2026-05-28
109,"Vikas Trading Corporation","gopal singh","Deepak Janyani",2026-05-29,quoted,1442000.00,done,Accepted,2026-05-29,2026-06-03
110,"Shree Cement Ltd | Gurugram","Puneet Sharma",Rakesh,2026-05-17,won,,pending,Accepted,2026-06-10,
111,"Reliance ","Anil Yadav","Anil Yadav",2026-06-02,quoted,156700.00,done,Accepted,2026-06-05,2026-06-05
112,"Prasheetan Aircon","Amit Gautam",Akhilesh,2026-06-01,won,3025000.00,revised_offer_submitted,Accepted,2026-06-05,2026-06-04
113,"ELETRONIC INSTRUMENTS","Amit Gautam","Deepak Janyani",2026-06-03,won,379998.00,done,Accepted,2026-06-05,2026-06-03
114,"VETO GROUP","Amit Gautam","Deepak Janyani",2026-05-28,lost,14158700.00,done,Accepted,2026-06-05,2026-06-04
115,"Process & Machines Automation systems","Amit Gautam","Deepak Janyani",2026-05-30,quoted,16067940.00,revised_offer_submitted,Accepted,2026-06-05,2026-07-03
116,"PERFECT ENTERPRISES","Amit Gautam",Akhilesh,2026-06-02,won,335000.00,revised_offer_submitted,Accepted,2026-06-22,2026-06-19
117,"sper India Group","Puneet Sharma","Aashu ",2026-06-02,won,282900.00,done,Accepted,2026-07-04,
118,"  J K CEMENT ","Puneet Sharma","Aayushi ",2026-06-05,won,6418841.00,revised_offer_submitted,Accepted,2026-06-05,2026-06-12
123,Moduluhousing,"mohan shyam","Aditya Soni",2026-06-04,quoted,74914.00,done,Accepted,2026-06-16,
125,"Industrial Pumps","mohan shyam","Aditya Soni",2026-06-05,quoted,75776.00,done,Accepted,2026-06-16,
126,"Nahar Industrial Enterprises Ltd","Amit Gautam","RamKrishna Pandey",2026-06-09,pending,2598400.00,done,Accepted,2026-06-15,2026-06-13
127,"Shree Cement Ltd | Gurugram","Puneet Sharma",Rakesh,2026-06-09,quoted,1486800.00,done,Accepted,2026-06-10,2026-06-11
128,"Modren Construction ","Anil Yadav","Anil Yadav",2026-06-09,pending,3907100.00,done,Accepted,2026-06-11,2026-06-11
129,"Modren Construction ","Anil Yadav","Anil Yadav",2026-06-09,pending,9410000.00,done,Accepted,2026-06-23,2026-06-22
130,"Innomotics ","Bhupender Sharma","RamKrishna Pandey",2026-06-05,pending,13973800.00,done,Accepted,2026-06-11,2026-06-13
131,"Ultratech cement, Nathdwara ","Bhupender Sharma",Rakesh,2026-06-02,pending,809141.00,revised_offer_submitted,Accepted,2026-06-11,2026-06-12
132,"Ultratech cement, birla white","Bhupender Sharma",Rakesh,2026-06-09,quoted,470300.00,done,Accepted,2026-06-11,2026-06-23
133,"Stonex ","Bhupender Sharma",Akhilesh,2026-06-06,won,23536039.00,revised_offer_submitted,Accepted,2026-06-22,2026-06-20
134,"Gautam solar power Pvt. Ltd.","Bhupender Sharma",Rakesh,2026-06-10,pending,173014268.00,done,Accepted,2026-06-11,2026-07-08
135,"Shree Cement Ltd., Pedagralapadu, Dachepalli (M), Palnadu (D)","Puneet Sharma","Aayushi ",2026-06-10,technical_qualification_passed,,done,Accepted,2026-06-15,
138,"NVCL, Ahemdabad","Puneet Sharma",Rakesh,2026-06-11,lost,441195.00,done,Accepted,2026-06-15,2026-07-06
141,"studio LINEDESIGN","Deepak Janyani","Deepak Janyani",2026-06-16,lost,52231700.00,done,Accepted,2026-06-22,
142,"EPE Process Filters & Accumulators Pvt. Ltd.","Deepak Janyani","Deepak Janyani",2026-06-16,under_negotiation,25007000.00,done,Accepted,2026-06-20,2026-06-20
143,"KAILASH SONI","Deepak Janyani","Deepak Janyani",2026-06-15,quoted,208850.00,done,Accepted,2026-06-25,
145,"PURE CEMENT ","Puneet Sharma","Aayushi ",2026-06-03,under_negotiation,24888535.00,done,Accepted,2026-06-17,2026-06-10
146,"Essar Constructions India Limited","Puneet Sharma","Aayushi ",2026-06-17,lost,,pending,Accepted,2026-06-17,
147,"JK Cement Saifco Private Limited","Puneet Sharma","Aayushi ",2026-06-17,won,328922.00,revised_offer_submitted,Accepted,2026-06-17,2026-06-02
148,"ARASMETA CEMENT PLANT,","Puneet Sharma","Aayushi ",2026-06-16,lost,709900.00,done,Accepted,2026-06-17,2026-06-17
149,"Hindus than National Glass & Industries Ltd.","Puneet Sharma","Aayushi ",2026-06-17,quoted,144071.00,revised_offer_submitted,Accepted,2026-06-17,2026-06-22
150,"PURE CEMENT ","Puneet Sharma","Aayushi ",2026-06-16,under_negotiation,76920750.00,revised_offer_submitted,Accepted,2026-06-17,2026-06-10
151,"JK Cement Saifco Private Limited","Puneet Sharma","Aayushi ",2026-06-16,won,9400000.00,revised_offer_submitted,Accepted,2026-06-17,2026-06-17
153,"Ideal Datacom (P) Ltd","Amit Gautam","Deepak Janyani",2026-06-19,lost,741000.00,done,Accepted,2026-06-25,2026-06-25
155,"GLC CHANDIGARH",,"Aayushi ",2026-06-20,pending,3500000.00,done,Accepted,2026-08-27,2026-06-23
156,"Maisons-Super ","Anil Yadav","Anil Yadav",2026-06-19,quoted,365647.00,done,Accepted,2026-06-23,2026-06-20
157,"GLOBAL BUILDESTATE PROJECTS PVT LTD",,"RamKrishna Pandey",2026-06-23,pending,10874675.00,done,Accepted,2026-06-27,2026-06-27
159,"  J K CEMENT ",vikas,vikram,2026-06-23,under_negotiation,10000.00,negotiating_with_vendor,Accepted,2026-06-23,2026-06-23
162,"Modren Construction ","Anil Yadav","Anil Yadav",2026-06-25,won,10300000.00,technical_query,Accepted,2026-07-02,2026-07-11
163,"Lahoty Buildcon","Amit Gautam",Akhilesh,2026-06-20,quoted,2150000.00,done,Accepted,2026-06-26,2026-06-26
165,"RK ENTERPRISES","Amit Gautam","Amit Gautam",2026-06-18,won,800000.00,pending,Accepted,2026-06-26,
167,Malani,"mohan shyam","mohan shyam",2026-06-09,won,421000.00,pending,Accepted,2026-09-07,
168,ASA,"mohan shyam","mohan shyam",2026-06-12,won,1330000.00,pending,Accepted,2026-09-07,
169,Galactic,"mohan shyam","mohan shyam",2026-06-22,won,4545000.00,pending,Accepted,2026-09-07,
170,"TECHNICAL CONSULTANT","Aditya Soni","Aditya Soni",2026-06-24,technical_qualification_passed,5563501.00,revised_offer_submitted,Accepted,2026-06-27,2026-06-26
171,"Shree Cement Ltd | Gurugram","Puneet Sharma",Rakesh,2026-06-29,quoted,51021989.00,done,Accepted,2026-07-01,2026-07-10
172,"  J K CEMENT ","Puneet Sharma","Aashu ",2026-06-27,pending,0.00,pending,Accepted,2026-07-03,
173,"Shree Cement Ltd | Gurugram","Puneet Sharma",Rakesh,2026-06-30,lost,4300000.00,done,Accepted,2026-07-06,2026-07-06
175,"Reliance ","Anil Yadav","Anil Yadav",2026-06-30,technical_qualification_passed,263500.00,negotiating_with_vendor,Accepted,2026-07-02,2026-07-02
178,"TRIMURTY BUILDER","Amit Gautam","RamKrishna Pandey",2026-06-27,quoted,4800000.00,revised_offer_submitted,Accepted,2026-07-07,2026-07-02
179,"Modren Construction ","Anil Yadav","Anil Yadav",2026-07-02,technical_qualification_passed,2367100.00,done,Accepted,2026-07-09,2026-07-24
182,"RJ PACKAGING","Deepak Janyani","Pavan Kumar",2026-07-02,pending,16336400.00,done,Accepted,2026-07-11,2026-07-11
183,"HYPER GREEN ENERGY ","Aditya Soni","Aditya Soni",2026-07-05,lost,354079.00,done,Accepted,2026-07-08,2026-07-06
184,"SRB POWER INDIA PRIVATE LIMITED","Aditya Soni","Aditya Soni",2026-07-08,lost,1237414.00,done,Accepted,2026-07-08,2026-07-08
185,"JK Cement Saifco Private Limited","Puneet Sharma","Aayushi ",2026-07-06,won,328000.00,done,Accepted,2026-07-08,2026-06-30
186,"JK Cement Saifco Private Limited","Puneet Sharma","Aayushi ",2026-07-07,technical_qualification_passed,26600000.00,done,Accepted,2026-07-08,2026-08-14
187,"JK Cement Saifco Private Limited","Puneet Sharma","Aayushi ",2026-07-07,under_negotiation,18300000.00,done,Accepted,2026-07-08,2026-08-14
188,"Pansen Engineering ","Puneet Sharma",Rakesh,2026-07-07,technical_qualification_passed,,pending,Accepted,2026-07-08,
189,"CHEER SAGAR","Anil Yadav","Anil Yadav",2026-07-07,quoted,1034000.00,revised_offer_submitted,Accepted,2026-07-09,2026-07-09
190,"RISHABH INTERIOR","Amit Gautam",Akhilesh,2026-07-02,pending,301000.00,done,Accepted,2026-07-10,2026-07-10
191,"HEI POWER SYSTEM PVT. LTD.","Amit Gautam",Akhilesh,2026-07-01,quoted,5205720.00,done,Accepted,2026-07-10,2026-07-10
192,"COLLIERS INTERNATIONAL(INDIA) PROPERTY SERVICES PVT. LTD.","Anil Yadav","Anil Yadav",2026-07-07,quoted,5805317.00,revised_offer_submitted,Accepted,2026-07-10,2026-07-10
194,"Real Eco paper pvt Ltd","Deepak Janyani","Deepak Janyani",2026-07-15,won,4391542.00,revised_offer_submitted,Accepted,2026-07-16,2026-08-05
195,"NVCL, Ahemdabad","Puneet Sharma","Aayushi ",2026-07-17,lost,,pending,Accepted,2026-09-03,
196,Gravita,"mohan shyam","Aditya Soni",2026-07-17,quoted,16569201.00,negotiating_with_vendor,Accepted,2026-07-18,
197,"GK Group","mohan shyam","mohan shyam",2026-07-09,quoted,13314000.00,revised_offer_submitted,Accepted,2026-09-07,
199,"KAHAN ELECTRICAL","Amit Gautam",Akhilesh,2026-07-17,lost,31200000.00,revised_offer_submitted,Accepted,2026-07-24,2026-07-20
201,"A one Builders ","Anil Yadav","Anil Yadav",2026-07-20,quoted,636277.00,done,Accepted,2026-07-21,2026-07-21
202,"Mundra Ramming Mass Private Limited","Aditya Soni","Aditya Soni",2026-07-14,quoted,3077740.00,revised_offer_submitted,Accepted,2026-07-22,2026-07-16
203,"MAHESHWARI DISTRIBUTOR","Bhupender Sharma",Rakesh,2026-07-15,pending,25595600.00,done,Accepted,2026-07-22,2026-07-22
204,"STYERENIX LTD.","Bhupender Sharma",Rakesh,2026-07-08,quoted,12412900.00,done,Accepted,2026-07-22,2026-07-22
205,"INA Solar, Narmadapuram, Cell plant","Bhupender Sharma","Deepak Janyani",2026-06-29,won,166396710.00,revision_in_progress,Accepted,2026-07-23,2026-08-25
206,"Ethan Power private Ltd.","Bhupender Sharma",Rakesh,2026-07-15,pending,4745259.00,done,Accepted,2026-07-23,2026-07-28
207,"UTCL, Awarpur cement works ","Bhupender Sharma",Rakesh,2026-07-22,pending,4209600.00,done,Accepted,2026-07-24,2026-07-27
208,"A one Builders ","Anil Yadav","Anil Yadav",2026-07-23,won,450000.00,done,Accepted,2026-07-23,2026-07-23
209,"Hindustan Copper Limited","Amit Gautam","Deepak Janyani",2026-07-23,pending,34280806.00,first_offer_submitted,Accepted,2026-07-23,2026-07-30
210,"Westin hotel Jaipur","mohan shyam","Aditya Soni",2026-07-23,under_negotiation,35000000.00,revision_in_progress,Accepted,2026-08-10,2026-08-28
211,"B.Odhavji & company","mohan shyam","mohan shyam",2026-07-23,quoted,3695500.00,revised_offer_submitted,Accepted,2026-09-07,
213,"KAHAN ELECTRICAL","Amit Gautam","Amit Gautam",2026-07-28,quoted,1800000.00,first_offer_submitted,Accepted,2026-09-12,
214,"MAISONS - SUPER ","Anil Yadav","Anil Yadav",2026-07-17,lost,149375.00,done,Accepted,2026-07-30,2026-07-30
215,"MAP Engineers & Consultants Pvt. Ltd.","gopal singh",Rakesh,2026-08-03,pending,2376300.00,done,Accepted,2026-08-03,2026-08-18
216,"Shree Cement Ltd | Gurugram","Puneet Sharma",Rakesh,2026-08-04,quoted,5944800.00,done,Accepted,2026-08-05,2026-08-06
217,"Maheshwari distributor ","Bhupender Sharma",Rakesh,2026-08-03,quoted,52142000.00,done,Accepted,2026-08-05,2026-08-10
218,"TAPRI ","Aditya Soni","Aditya Soni",2026-08-07,won,103237.00,done,Accepted,2026-08-10,2026-08-07
219,"SEFRICODE ","Anil Yadav","Anil Yadav",2026-07-29,won,1951610.00,revised_offer_submitted,Accepted,2026-08-11,2026-08-10
220,"HYCONE PROJECTS","Amit Gautam","Deepak Janyani",2026-08-01,won,4391542.00,revised_offer_submitted,Accepted,2026-08-11,
221,"Shree Cement Ltd | Gurugram","Puneet Sharma",Rakesh,2026-08-17,quoted,19104630.00,done,Accepted,2026-08-17,2026-08-19
222," Dalmia Kadappa-2, Telengana","Puneet Sharma",Rakesh,2026-08-21,,,technical_offer_submitted,Accepted,2026-08-24,2026-09-04
223,"LORI KEETAMENITIES (PARUL HOTEL)","Anil Yadav","Anil Yadav",2026-07-24,won,1240000.00,revised_offer_submitted,Accepted,2026-08-22,2026-08-31
224,"A one Builders ","Anil Yadav","Anil Yadav",2026-08-13,quoted,7966801.00,revision_in_progress,Accepted,2026-08-24,2026-08-24
225,"A one Builders ","Anil Yadav","Anil Yadav",2026-08-13,quoted,2472700.00,done,Accepted,2026-08-24,2026-08-17
227,"A one Builders ","Anil Yadav","Anil Yadav",2026-08-19,quoted,3673196.00,done,Accepted,2026-08-25,2026-08-25
228,GHADI,"Deepak Janyani","Deepak Janyani",2026-08-25,quoted,4766056.00,first_offer_submitted,Accepted,2026-08-25,
229,"SGB Infra","Amit Gautam","Aashu ",2026-08-18,won,900001.00,first_offer_submitted,Accepted,2026-08-25,2026-08-24
230,"KS Engineering","Amit Gautam",Akhilesh,2026-08-24,won,1398182.00,revised_offer_submitted,Accepted,2026-08-25,2026-08-19
231,"GA INFRA","Amit Gautam",Akhilesh,2026-08-20,won,6802729.00,revised_offer_submitted,Accepted,2026-08-25,2026-08-21
232,"Prasheetan Aircon","Amit Gautam","Aashu ",2026-08-12,won,2351000.00,first_offer_submitted,Accepted,2026-08-25,2026-08-15
233,"SEFRICODE ","Anil Yadav","Anil Yadav",2026-08-25,pending,,technical_query,Accepted,2026-09-05,
234,"GENESIS INTERNATIONAL","Amit Gautam","Pavan Kumar",2026-08-26,pending,1386000.00,first_offer_submitted,Accepted,2026-08-26,2026-08-31
235,"Shree Cement Ltd | Gurugram","Puneet Sharma",Rakesh,2026-08-26,quoted,5328482.00,first_offer_submitted,Accepted,2026-08-31,2026-09-04
236,"safico Jk cement ","Puneet Sharma","Aayushi ",2026-08-31,pending,,pending,Accepted,2026-09-03,
237,"  J K CEMENT ","Puneet Sharma","Aayushi ",2026-08-30,pending,1249600.00,first_offer_submitted,Accepted,2026-09-03,2026-09-19
238,"Shree Cement Ltd","Puneet Sharma","Aayushi ",2026-08-31,pending,,pending,Accepted,2026-09-03,
239,"GEBR. PFEIFFER (INDIA) PVT. LTD.","Puneet Sharma","Aayushi ",2026-08-30,quoted,2900000.00,first_offer_submitted,Accepted,2026-09-03,2026-09-09
240,"Danfoss Industries Pvt. Ltd.","Puneet Sharma","Aayushi ",2026-09-01,pending,23750900.00,first_offer_submitted,Accepted,2026-09-05,2026-09-19
241,"PURE CEMENT ","Puneet Sharma",Rakesh,2026-09-01,quoted,90794330.00,revised_offer_submitted,Accepted,2026-09-04,2026-09-09
242,"Cheema Boiler Ltd ","Puneet Sharma",Rakesh,2026-09-03,pending,14063500.00,first_offer_submitted,Accepted,2026-09-16,2026-09-15
243,"Hindustan Zinc Ltd.","Puneet Sharma","Aashu ",2026-09-04,pending,421500.00,first_offer_submitted,Accepted,2026-09-04,
244,"RK ENGINEERS SALES LTD","Amit Gautam",Akhilesh,2026-09-04,quoted,1200000.00,first_offer_submitted,Accepted,2026-09-11,2026-09-09
245,"JAI BHAWANI ENTERPRISES","Amit Gautam","RamKrishna Pandey",2026-09-01,pending,13327100.00,first_offer_submitted,Accepted,2026-09-05,2026-09-05
248,"Asahi glass, Bhilwara (ABB)","Bhupender Sharma","Deepak Janyani",2026-09-01,pending,,technical_offer_submitted,Accepted,2026-09-11,2026-09-16
249,"DBCL, Bhopal ","Bhupender Sharma","Deepak Janyani",2026-08-08,quoted,17255820.00,revised_offer_submitted,Accepted,2026-09-05,2026-09-08
250,"Schneider india ","Bhupender Sharma","Deepak Janyani",2026-08-19,pending,,pending,Accepted,2026-09-11,
251,"DESIRE ENERGY","Deepak Janyani","Deepak Janyani",2026-07-22,under_negotiation,792000.00,negotiating_with_vendor,Accepted,2026-09-05,2026-09-05
252,"Lords Chlaro","mohan shyam","Aditya Soni",2026-09-01,quoted,4689173.00,first_offer_submitted,Accepted,2026-09-07,2026-09-02
253,"93 Million Energy","mohan shyam","mohan shyam",2026-08-21,won,,first_offer_submitted,Accepted,2026-09-07,
254,shantimani,"mohan shyam","mohan shyam",2026-09-01,won,800000.00,first_offer_submitted,Accepted,2026-09-07,2026-08-31
255,RSG,"mohan shyam","mohan shyam",2026-07-15,won,4250000.00,first_offer_submitted,Accepted,2026-09-07,2026-07-29
256,RSG,"mohan shyam",Deepesh,2026-08-20,won,864880.00,first_offer_submitted,Accepted,2026-09-07,2026-08-11
257,NGG,"mohan shyam","mohan shyam",2026-08-25,won,2450000.00,first_offer_submitted,Accepted,2026-09-07,2026-08-06
258,"precision Autocasting","mohan shyam","mohan shyam",2026-08-03,won,2550000.00,first_offer_submitted,Accepted,2026-09-07,2026-08-24
259,"Teren Power","Anil Yadav","Pavan Kumar",2026-09-09,won,180500.00,first_offer_submitted,Accepted,2026-09-09,2026-09-09
260,"AIRFORCE JAISALMER TENDER","Amit Gautam","Aashu ",2026-09-10,pending,0.00,pending,Accepted,2026-09-10,2026-09-04
261,"PURE CEMENT ","Puneet Sharma",Rakesh,2026-09-08,pending,14257424.00,first_offer_submitted,Accepted,2026-09-14,2026-09-14
262,"Light path ventures Pvt. Ltd.","Bhupender Sharma","Deepak Janyani",2026-09-05,pending,13995081.00,first_offer_submitted,Accepted,2026-09-11,2026-09-11
263,"Ashiana Ekansh- Jaipur","Anil Yadav","Pavan Kumar",2026-09-11,lost,,pending,Accepted,2026-09-12,
264,"Reliance ","Anil Yadav","Pavan Kumar",2026-09-08,quoted,520500.00,first_offer_submitted,Accepted,2026-09-12,2026-09-12
265,"Reliance ","Anil Yadav","Pavan Kumar",2026-09-10,pending,1074200.00,first_offer_submitted,Accepted,2026-09-12,2026-09-16
266,"BALAJI ENGINEERING","Amit Gautam","RamKrishna Pandey",2026-09-10,won,312000.00,revised_offer_submitted,Accepted,2026-09-12,2026-09-11
267,"GA INFRA","Amit Gautam",Akhilesh,2026-08-24,quoted,23618136.00,first_offer_submitted,Accepted,2026-09-11,2026-09-11
268,"GA INFRA","Amit Gautam",Akhilesh,2026-09-07,quoted,3215028.00,first_offer_submitted,Accepted,2026-09-11,2026-09-10
270,"GA INFRA",Akhilesh,Akhilesh,2026-09-01,quoted,24118100.00,first_offer_submitted,Accepted,2026-09-11,2026-09-05
273,"DESIRE ENERGY","Aditya Soni","Aditya Soni",2026-09-02,lost,616470.00,first_offer_submitted,Accepted,2026-09-12,2026-09-02
274,"TECHNICAL CONSULTANT","Aditya Soni","Aditya Soni",2026-09-05,pending,,pending,Accepted,2026-09-12,
275,"SRB POWER INDIA PRIVATE LIMITED","Aditya Soni","Aditya Soni",2026-09-05,pending,,pending,Accepted,2026-09-12,
276,"LITHINA ENERGY SOLUTIONS","Deepak Janyani","Deepak Janyani",2026-08-21,won,625000.00,revised_offer_submitted,Accepted,2026-09-12,2026-09-16
278,"HUMERS INFRA ","Anil Yadav","Anil Yadav",2026-09-10,quoted,514000.00,first_offer_submitted,Accepted,2026-09-12,2026-09-11
279,"CONTRACTOR NARPAT SINGH-CPWD","Deepak Janyani","Deepak Janyani",2026-09-10,quoted,244700.00,revised_offer_submitted,Accepted,2026-09-12,2026-09-25
280,"MAHADEV AGRO TRADERS & CONSTRUCTION","Anil Yadav","Anil Yadav",2026-09-09,under_negotiation,400000.00,first_offer_submitted,Accepted,,
281,"RK LITES",Akhilesh,"RamKrishna Pandey",2026-09-10,quoted,269900.00,first_offer_submitted,Accepted,2026-09-12,2026-09-12
283,"AARYAN VENTURA PVT LTD.",Akhilesh,"Aashu ",2026-08-25,pending,4482400.00,first_offer_submitted,Accepted,2026-09-12,2026-09-04
284,"Maheshwari Contractors Pvt. Ltd.",Akhilesh,Akhilesh,2026-08-03,quoted,15104200.00,revised_offer_submitted,Accepted,2026-09-12,2026-08-12
285,"KSP Hydro Engineer Pvt. Ltd.","Deepak Janyani","Deepak Janyani",2026-09-11,technical_qualification_passed,2267400.00,revised_offer_submitted,Accepted,2026-09-12,2026-09-17
286,"ATREO INTERNATIONAL ","Anil Yadav","Anil Yadav",2026-09-15,quoted,31600.00,first_offer_submitted,Accepted,2026-09-16,
287,"MAP Engineers & Consultants Pvt. Ltd.","Deepak Janyani","Pavan Kumar",2026-09-16,quoted,,technical_offer_submitted,Accepted,2026-09-16,2026-09-22
288,"Munjal Auto, Dharuhera","Deepak Janyani","Aashu ",2026-09-16,quoted,10420300.00,first_offer_submitted,Accepted,2026-09-17,2026-09-18
289,"Wellness Imaging & Teleradiology",Akhilesh,Akhilesh,2026-09-14,won,125000.00,first_offer_submitted,Accepted,2026-09-17,2026-09-14
291,"Vatanukulan Engineers","Amit Gautam",Akhilesh,2026-09-14,won,376000.00,first_offer_submitted,Accepted,,2026-09-18
292,"Prasheetan Aircon","Amit Gautam","RamKrishna Pandey",2026-09-12,won,,revised_offer_submitted,Accepted,,2026-09-17
293,"AGARWAL COAL CORPORATION PVT. LTD.","Deepak Janyani","Deepak Janyani",2026-09-21,quoted,1308200.00,first_offer_submitted,Accepted,2026-09-21,2026-09-21
294,"Manipal University ","Anil Yadav","Anil Yadav",2026-09-18,under_negotiation,718535.00,revised_offer_submitted,Accepted,2026-09-23,
295,"Indrox Global Pvt Ltd","Puneet Sharma",Rakesh,2026-09-23,pending,,pending,Accepted,2026-09-26,
297,Dmart,"mohan shyam","Aditya Soni",2026-09-21,won,3050000.00,first_offer_submitted,Accepted,2026-09-25,2026-09-22
298,Dmart,"mohan shyam","Aditya Soni",2026-09-25,pending,,pending,Accepted,2026-09-26,
299,"Shri Balaji  Industries","mohan shyam","Bhavika Choudhary",2026-09-22,quoted,2855565.00,first_offer_submitted,Accepted,2026-09-25,2026-09-24
304,EPCOS,"mohan shyam","Aditya Soni",2026-09-03,quoted,9112725.00,first_offer_submitted,Accepted,2026-09-26,2026-09-07
305,"CONTRACTOR NARPAT SINGH-CPWD","Deepak Janyani","Deepak Janyani",2026-09-25,quoted,555800.00,first_offer_submitted,Accepted,2026-09-25,2026-09-25
306,"SEFRICODE ","Anil Yadav","Anil Yadav",2026-09-22,won,320075.00,revised_offer_submitted,Accepted,2026-09-26,2026-09-24
307,"Aditya aluminium, Hindalco industries Ltd.","Bhupender Sharma","Deepak Janyani",2026-09-24,pending,,technical_offer_submitted,Accepted,2026-09-26,2026-09-24
